"row","initialIndex","finalIndex","shapiro","ad","trend","runs","numRuns","ljung"
"1",2000,3210,1.81501502145594e-17,3.7e-24,0,6.39852287056535e-256,12,0
"2",5200,6410,1.30530434015772e-16,3.7e-24,0,4.73377411884127e-256,12,0
"3",9500,10710,6.09777942367193e-24,3.7e-24,6.90599903036059e-11,2.61539684879141e-171,120,0
"4",11900,13110,6.84520867826914e-33,3.7e-24,1.17576909506704e-261,1.12707320776148e-264,2,0
"5",13900,15110,4.88552548321453e-22,3.7e-24,0,2.13709325405866e-147,154,0
"6",16000,17210,3.25414152059497e-23,3.7e-24,0,6.85295283869082e-263,4,0
"7",17500,18710,8.62957259462821e-31,3.7e-24,6.69792681093961e-25,3.626899890207e-107,202,0
