"row","initialIndex","finalIndex","shapiro","ad","trend","runs","numRuns","ljung"
"1",2000,3210,9.70948045680525e-15,8.13049196567145e-16,0,3.23443153832991e-261,6,0
"2",5300,6510,3.66833158400867e-23,3.7e-24,0,1.11889178457888e-264,2,0
"3",9500,10710,7.17279510467101e-24,3.7e-24,5.01007101376455e-17,6.25690945402223e-119,203,0
"4",11900,13110,3.52143535026237e-21,3.7e-24,1.04106323186859e-45,1.39046616367718e-121,186,0
"5",13900,15110,2.93429862524254e-20,3.7e-24,0,1.56677891634141e-148,152,0
"6",16000,17210,7.56052658937594e-18,3.7e-24,6.30839585561653e-306,2.74256340784905e-218,58,0
"7",17500,18710,2.09866802101634e-29,3.7e-24,6.51920651254342e-16,1.1662968848772e-96,216,0
