"row","initialIndex","finalIndex","shapiro","ad","trend","runs","numRuns","ljung"
"1",2000,3210,1.81501502145594e-17,3.7e-24,0,6.39852287056535e-256,12,0
"2",5300,6510,1.02417361885551e-45,3.7e-24,0,1.61058328756297e-263,3,0
"3",6500,7710,5.60568095279223e-45,3.7e-24,2.95253956558238e-120,1.63644104166722e-264,2,0
"4",7900,9110,3.53146787282854e-45,3.7e-24,0,1.42108949703708e-264,2,0
"5",11900,13110,5.77334345482061e-35,3.7e-24,1.31440866429334e-13,1.61058328756297e-263,3,0
"6",13900,15110,1.86086591897697e-46,3.7e-24,4.28581676273712e-15,1.62090395583004e-263,3,0
"7",15600,16810,3.86065334725591e-45,3.7e-24,6.17486584267773e-251,1.61058328756297e-263,3,0
