"row","initialIndex","finalIndex","shapiro","ad","trend","runs","numRuns","ljung"
"1",2000,3210,1.81501502145594e-17,3.7e-24,0,6.39852287056535e-256,12,0
"2",5500,6710,2.60743034838933e-38,3.7e-24,0.000833574761898768,8.73588186710977e-264,3,0
"3",6700,7910,1.82053072015601e-36,3.7e-24,7.79456047774516e-11,2.64772025830963e-253,13,0
"4",8000,9210,1.28262546062854e-39,3.7e-24,1.55335196787827e-36,8.74884477959531e-264,3,0
"5",11800,13010,4.06582340791366e-44,3.7e-24,7.80237003170714e-08,2.64342086902291e-262,4,0
"6",14000,15210,2.23549821578656e-41,3.7e-24,4.81291001136487e-17,8.74884477959531e-264,3,0
"7",15600,16810,3.59419985671048e-41,3.7e-24,0,8.73588186710977e-264,3,0
