"row","initialIndex","finalIndex","shapiro","ad","trend","runs","numRuns","ljung"
"1",1000,2210,6.26685983059877e-24,3.7e-24,1.87785279633191e-11,4.86669281075503e-262,5,0
"2",5200,6410,6.31939520471613e-23,3.7e-24,0,1.11371155331891e-264,2,0
"3",9500,10710,1.11852036593397e-54,3.7e-24,0.1164620781704,6.64087479247339e-08,105,5.59882712081183e-07
"4",11400,12610,1.84079681938409e-52,3.7e-24,2.34434933199954e-46,3.38300689621237e-144,116,9.34949845177169e-06
"5",13500,14710,9.95977022798394e-55,3.7e-24,0,2.60982005819632e-22,120,0.000156662378964167
"6",16000,17210,1.04059774888161e-52,3.7e-24,0,2.60268299465401e-120,100,0
"7",17500,18710,5.01137125958953e-50,3.7e-24,4.49315716213238e-56,2.15103647412471e-163,112,2.66683342076135e-10
