"row","initialIndex","finalIndex","shapiro","ad","trend","runs","numRuns","ljung"
"1",2000,2202,7.3523908733109e-07,4.39027303858509e-08,2.44837233297397e-91,2.08674951220163e-45,2,0
"2",5800,6002,6.72963565861335e-26,3.7e-24,1.6012212219571e-57,6.84886644339656e-44,2,0
"3",7300,7502,0.228419325973837,0.129851081688184,1.50203704184347e-06,1.27622361811502e-29,22,0
"4",8300,8502,2.34076916623751e-20,3.7e-24,2.36216651541426e-07,2.09290327229526e-45,2,0
"5",11900,12102,2.67935268048602e-21,3.7e-24,0.480516182310942,2.4109313406069e-45,2,0
"6",14300,14502,6.17308708728749e-23,3.7e-24,0.000605097119602851,3.18357113933838e-45,2,0
"7",15600,15802,1.54795839561179e-21,3.7e-24,9.24986176723203e-28,2.38898251449954e-45,2,0
