"row","initialIndex","finalIndex","shapiro","ad","trend","runs","numRuns","ljung"
"1",2000,2202,7.3523908733109e-07,4.39027303858509e-08,2.44837233297397e-91,2.08674951220163e-45,2,0
"2",5800,6002,2.39673075687597e-26,3.7e-24,4.97697438640944e-95,1.45625275301996e-44,2,0
"3",7300,7502,0.228419325973837,0.129851081688184,1.50203704184347e-06,1.27622361811502e-29,22,0
"4",8100,8302,1.41878762242239e-20,3.7e-24,1.08188699887122e-31,2.38898251449954e-45,2,0
"5",12600,12802,1.14850661216547e-19,3.7e-24,0.00998222203303126,2.24950797578596e-45,2,0
"6",13900,14102,1.19240987085165e-23,3.7e-24,4.6747179034601e-18,3.82757831196042e-45,2,0
"7",16200,16402,5.35420064348522e-23,3.7e-24,1.70885596417152e-53,3.18357113933838e-45,2,0
