"row","initialIndex","finalIndex","shapiro","ad","trend","runs","numRuns","ljung"
"1",2000,2202,7.3523908733109e-07,4.39027303858509e-08,2.44837233297397e-91,2.08674951220163e-45,2,0
"2",5900,6102,4.78918604620126e-10,3.59773128523895e-15,6.24874337845517e-26,2.481366010099e-07,60,0.000520490305957133
"3",9500,9702,2.62328712122512e-06,1.77246471185329e-06,6.91985912966159e-77,1.09720880036488e-43,4,0
"4",12000,12202,1.17653001959997e-05,0.000117822151688783,2.64771530585975e-85,2.08674951220163e-45,2,0
"5",14350,14552,8.43147464895614e-12,3.7e-24,2.19888140037684e-18,6.47796506063421e-14,40,0.003217565886108
"6",16700,16902,2.19741958804369e-13,9.38814685950269e-14,1.86033076476237e-55,1.43214480433222e-32,18,2.61132893086824e-09
"7",17950,18152,5.91203442039076e-19,3.7e-24,8.06621499985013e-13,7.78426658649275e-14,35,0.425029485988059
