"row","initialIndex","finalIndex","shapiro","ad","trend","runs","numRuns","ljung"
"1",2000,2202,9.86194729042572e-06,8.12953158149834e-06,4.93596679687291e-88,2.08227099815192e-45,2,0
"2",5300,5502,5.17439060192475e-07,1.39516232272254e-08,3.10214866074572e-92,1.11312888463981e-43,4,0
"3",9500,9702,2.19606854052635e-10,4.90640377691638e-21,2.5626422463838e-38,3.99070673093438e-14,46,0.00322091918153122
"4",12000,12202,0.00422595492989517,3.88129467056817e-05,0.145632776116035,0.010856272617566,81,0.917027932020153
"5",14350,14552,9.95498314517287e-13,3.7e-24,2.42829148242061e-11,3.06306090955455e-12,43,0.000137441341167777
"6",16750,16952,1.13387855373092e-11,3.50393517932378e-23,8.49744167732849e-23,4.36475405829238e-21,34,0.000379913756312522
"7",18000,18202,8.963958994576e-09,2.13215380655229e-19,0.00214846651257084,1.35243147022705e-07,65,0.634475627696995
