"row","initialIndex","finalIndex","shapiro","ad","trend","runs","numRuns","ljung"
"1",1000,1202,3.66219828504976e-13,3.7e-24,1.72961379327231e-41,2.34841242827351e-45,2,0
"2",5200,5402,5.95968093376092e-09,4.25981610898113e-14,1.20342764555754e-77,2.08064957100468e-45,2,0
"3",10250,10452,1.0993395237811e-24,3.7e-24,9.75345219271044e-14,0.203344488244001,45,0.416088955207278
"4",11400,11602,1.0991297724801e-26,3.7e-24,4.97206503577394e-54,0.0168730387810177,27,0.0123111554146282
"5",13800,14002,4.79822239208393e-27,3.7e-24,1.803610348966e-38,0.910086090128629,29,0.966364946859537
"6",16600,16802,4.07394995312564e-25,3.7e-24,1.92351763334727e-72,2.52215223868164e-12,25,2.57052856778017e-09
"7",17500,17702,1.10487462465866e-25,3.7e-24,1.80624576145194e-28,0.141607011608067,39,0.151171663419957
