"row","initialIndex","finalIndex","shapiro","ad","trend","snht","snhtK","pettitt","pettittK","buishandU","buishandUK","buishandRange","buishandRangeK","lanzante","lanzanteK","grubbs","grubbsK"
"1","2000","3210","1.81501502145594e-17","3.7e-24","0","0","431","1.78152907583988e-197","607","0","533","0","533","2.29246585304174e-199","607","1","highest value 20.1942 is an outlier"
"2","5200","6410","1.30530434015772e-16","3.7e-24","0","0","629","2.6600962973831e-197","599","0","625","0","625","3.3367722827935e-199","599","1","lowest value 15.925 is an outlier"
"3","9500","10710","6.09777942367193e-24","3.7e-24","6.90599903036059e-11","0","103","1.20606386093203e-40","814","0","142","0","142","1.28501047305912e-47","814","0.0720592942953635","lowest value 21.086 is an outlier"
"4","11900","13110","6.84520867826914e-33","3.7e-24","1.17576909506704e-261","0","500","1.55740659029781e-196","583","0","537","0","537","1.09926293955561e-198","583","1","highest value 28.867 is an outlier"
"5","13900","15110","4.88552548321453e-22","3.7e-24","0","0","588","4.31386272867032e-171","588","0","588","0","588","4.38226379280339e-173","588","1","lowest value 17.805 is an outlier"
"6","16000","17210","3.25414152059497e-23","3.7e-24","0","0","476","4.29710523061514e-195","623","0","512","0","512","3.92914685371548e-197","623","1","lowest value 18.794 is an outlier"
"7","17500","18710","8.62957259462821e-31","3.7e-24","6.69792681093961e-25","0","808","5.5866401491204e-104","754","0","754","0","754","2.32074979441588e-112","754","0.0139708746576981","highest value 37.006 is an outlier"
