"row","initialIndex","finalIndex","shapiro","ad","trend","snht","snhtK","pettitt","pettittK","buishandU","buishandUK","buishandRange","buishandRangeK","lanzante","lanzanteK","grubbs","grubbsK"
"1","2000","3210","1.81501502145594e-17","3.7e-24","0","0","431","1.78152907583988e-197","607","0","533","0","533","2.29246585304174e-199","607","1","highest value 20.1942 is an outlier"
"2","5500","6710","2.60743034838933e-38","3.7e-24","0.000833574761898768","0","491","4.05337850633716e-93","491","0","491","0","491","1.64248157292452e-106","491","1","lowest value 16.91 is an outlier"
"3","6700","7910","1.82053072015601e-36","3.7e-24","7.79456047774516e-11","0","1058","7.88313599844148e-66","928","0","998","0","998","1.90777516507805e-93","928","1","lowest value 22.291 is an outlier"
"4","8000","9210","1.28262546062854e-39","3.7e-24","1.55335196787827e-36","0","928","1.53645764003384e-101","928","0","928","0","928","2.15010137037725e-155","928","1","lowest value 18.17 is an outlier"
"5","11800","13010","4.06582340791366e-44","3.7e-24","7.80237003170714e-08","0","238","4.81527499013059e-79","238","0","238","0","238","2.93111228741961e-137","238","1","lowest value 18.3 is an outlier"
"6","14000","15210","2.23549821578656e-41","3.7e-24","4.81291001136487e-17","0","457","4.78927306196085e-78","975","0","457","0","457","2.10514119864245e-136","975","1","highest value 30.54 is an outlier"
"7","15600","16810","3.59419985671048e-41","3.7e-24","0","0","585","2.18237547596616e-197","607","0","585","0","585","4.10224126232236e-216","607","1","highest value 41.39 is an outlier"
