"row","initialIndex","finalIndex","shapiro","ad","trend","snht","snhtK","pettitt","pettittK","buishandU","buishandUK","buishandRange","buishandRangeK","lanzante","lanzanteK","grubbs","grubbsK"
"1","1000","2210","6.26685983059877e-24","3.7e-24","1.87785279633191e-11","0","929","7.81209386553281e-82","875","0","885","0","885","1.10851331176358e-103","875","0.749648278491836","lowest value 18.05 is an outlier"
"2","5200","6410","6.31939520471613e-23","3.7e-24","0","0","628","1.77273164072817e-197","607","0","625","0","625","2.32889778246525e-199","607","1","highest value 21.16 is an outlier"
"3","9500","10710","1.11852036593397e-54","3.7e-24","0.1164620781704","0","812","4.77594943972285e-30","152","0","812","0","812","1.53366396231199e-69","152","9.25313248334447e-06","highest value 96.88 is an outlier"
"4","11400","12610","1.84079681938409e-52","3.7e-24","2.34434933199954e-46","0","464","7.49210493414761e-59","969","0","464","0","464","1.73906568756327e-93","969","3.99770578290992e-05","highest value 71.26 is an outlier"
"5","13500","14710","9.95977022798394e-55","3.7e-24","0","0","784","1.1459046871127e-171","699","0","784","0","784","1.04229782969751e-177","699","0.000260403433338663","highest value 74.795 is an outlier"
"6","16000","17210","1.04059774888161e-52","3.7e-24","0","0","702","1.33438041293693e-187","702","0","702","0","702","2.3594623417404e-194","702","0.000310074480418088","highest value 85.295 is an outlier"
"7","17500","18710","5.01137125958953e-50","3.7e-24","4.49315716213238e-56","0","406","1.32164944527698e-119","724","0","406","0","406","3.93374686952275e-126","724","0.000341478773187354","highest value 68.279 is an outlier"
