"row","initialIndex","finalIndex","shapiro","ad","trend","snht","snhtK","pettitt","pettittK","buishandU","buishandUK","buishandRange","buishandRangeK","lanzante","lanzanteK","grubbs","grubbsK"
"1","2000","3210","1.81501502145594e-17","3.7e-24","0","0","431","1.78152907583988e-197","607","0","533","0","533","2.29246585304174e-199","607","1","highest value 20.1942 is an outlier"
"2","5300","6510","1.02417361885551e-45","3.7e-24","0","0","519","1.73797372037582e-197","605","0","519","0","519","2.29043061174368e-199","605","1","highest value 62.234 is an outlier"
"3","6500","7710","5.60568095279223e-45","3.7e-24","2.95253956558238e-120","0","195","4.59666103669289e-122","329","0","286","0","286","6.0908412373544e-156","329","1","lowest value 16.91 is an outlier"
"4","7900","9110","3.53146787282854e-45","3.7e-24","0","0","337","1.73797372037582e-197","605","0","337","0","337","2.28496408800159e-199","605","1","highest value 46.767 is an outlier"
"5","11900","13110","5.77334345482061e-35","3.7e-24","1.31440866429334e-13","0","829","3.00849240604529e-97","829","0","829","0","829","2.80811453180581e-114","829","1","lowest value -4.935 is an outlier"
"6","13900","15110","1.86086591897697e-46","3.7e-24","4.28581676273712e-15","0","384","2.60332928365612e-94","384","0","384","0","384","1.444675190959e-110","384","1","lowest value -22.911 is an outlier"
"7","15600","16810","3.86065334725591e-45","3.7e-24","6.17486584267773e-251","0","757","2.20041758927438e-182","699","0","757","0","757","1.07445573187848e-188","699","1","lowest value -30.52 is an outlier"
