"row","initialIndex","finalIndex","shapiro","ad","trend","snht","snhtK","pettitt","pettittK","buishandU","buishandUK","buishandRange","buishandRangeK","lanzante","lanzanteK","grubbs","grubbsK"
"1","4000","5210","5.47128857570978e-37","3.7e-24","3.42442900498045e-07","0","1028","2.31649607384613e-07","625","0","966","0","966","1.50320508208976e-08","625","2.90893309440321e-09","highest value 0.291999999999998 is an outlier"
"2","8000","9210","3.36707643231099e-61","3.7e-24","0.651544614656604","0.887","927","0.000129248411532043","927","0.235333333333333","927","0.985666666666667","927","2.46502860972375e-09","927","0","lowest value -11.479 is an outlier"
"3","9300","10510","4.73049363284873e-61","3.7e-24","0.00567573441593834","0.805666666666667","319","1.22665891709532e-07","319","0.167333333333333","319","0.895333333333333","319","9.15374865899156e-13","319","0","lowest value -16.58 is an outlier"
"4","10500","11710","3.77284566001648e-61","3.7e-24","8.93994879948272e-12","0.925666666666667","846","6.86793110174084e-14","849","0.220333333333333","846","0.956333333333333","846","3.84863420717946e-21","849","0","lowest value -12.473 is an outlier"
"5","11800","13010","5.80153188383947e-61","3.7e-24","0.0300962486649558","0.705333333333333","238","5.56305145417903e-05","838","0.193","238","0.863666666666667","238","6.26508373316743e-08","838","0","highest value 9.635 is an outlier"
"6","14000","15210","6.36120283562952e-18","3.7e-24","0.11688669964935","0.222","1067","0.166788240119547","991","0.237333333333333","976","0.463","976","0.00341876069857387","991","0.00261422262932909","lowest value -0.0390000000000015 is an outlier"
"7","15600","16810","4.03846170727126e-61","3.7e-24","0.159673983291006","0.139333333333333","66","0.0775669124013204","65","0.283","584","0.989333333333333","584","5.08137366194319e-10","65","0","highest value 10.931 is an outlier"
