"row","initialIndex","finalIndex","shapiro","ad","trend","snht","snhtK","pettitt","pettittK","buishandU","buishandUK","buishandRange","buishandRangeK","lanzante","lanzanteK","grubbs","grubbsK"
"1","2000","3210","1.30193836828086e-31","3.7e-24","0.00223715356934369","0","283","6.58409508989908e-05","283","0.000333333333333333","283","0","283","1.49502610636162e-08","283","9.91541293515752e-09","lowest value -0.039200000000001 is an outlier"
"2","5300","6510","5.44541482121308e-59","3.7e-24","0.0675393766565973","0.732666666666667","174","0.117183908761872","712","0.450666666666667","434","0.99","434","0.0149337718704994","712","0","highest value 40.657 is an outlier"
"3","6500","7710","1.64711350653092e-34","3.7e-24","1.99874611470172e-20","0","344","3.80828311210466e-25","344","0","344","0","344","2.39463348975958e-32","344","1.5086043525514e-09","highest value 0.323 is an outlier"
"4","7900","9110","4.29035638631574e-55","3.7e-24","0.33256951579274","0.995666666666667","337","0.0157596174509592","912","0.637666666666667","337","0.912","337","0.000248162078327359","912","0","lowest value -21.822 is an outlier"
"5","11900","13110","3.4284868294254e-52","3.7e-24","5.89877491673009e-05","0.087","1174","7.23085441115977e-08","451","0.750666666666667","937","1","937","1.34844791848117e-09","451","0","highest value 28.051 is an outlier"
"6","13900","15110","3.74942472789652e-60","3.7e-24","0.812798076562878","0.004","40","1","1065","0.435333333333333","230","0.992666666666667","230","0.145600872321644","1065","0","highest value 43.021 is an outlier"
"7","15600","16810","2.38300331766472e-55","3.7e-24","0.027912272341383","0.635666666666667","1102","7.54032287700882e-05","264","0.605333333333333","888","0.999333333333333","888","4.59929648934439e-08","264","0","highest value 50.834 is an outlier"
