"row","initialIndex","finalIndex","shapiro","ad","trend","snht","snhtK","pettitt","pettittK","buishandU","buishandUK","buishandRange","buishandRangeK","lanzante","lanzanteK","grubbs","grubbsK"
"1","2000","2202","7.3523908733109e-07","4.39027303858509e-08","2.44837233297397e-91","0","109","2.53525301324778e-33","101","0","108","0","108","7.36971893748877e-35","101","1","lowest value 19.4 is an outlier"
"2","5800","6002","6.72963565861335e-26","3.7e-24","1.6012212219571e-57","0","191","2.5918767626262e-20","89","0","191","0","191","5.21107580717327e-22","89","0.006137944425189","highest value 27.24 is an outlier"
"3","7300","7502","0.228419325973837","0.129851081688184","1.50203704184347e-06","0","138","6.40300031020722e-13","138","0","137","0","137","4.29999006511293e-16","138","0.225411322173561","highest value 26.447 is an outlier"
"4","8300","8502","2.34076916623751e-20","3.7e-24","2.36216651541426e-07","0","110","7.28189653462861e-33","110","0","110","0","110","4.31276426849426e-38","110","1","highest value 30.96 is an outlier"
"5","11900","12102","2.67935268048602e-21","3.7e-24","0.480516182310942","0","138","2.29577430236549e-25","138","0","138","0","138","1.61939475937831e-31","138","1","highest value 27.435 is an outlier"
"6","14300","14502","6.17308708728749e-23","3.7e-24","0.000605097119602851","0","157","1.36167313366836e-16","157","0","157","0","157","3.44427108198443e-25","157","1","highest value 30.54 is an outlier"
"7","15600","15802","1.54795839561179e-21","3.7e-24","9.24986176723203e-28","0","66","9.09800411865048e-26","66","0","66","0","66","1.19960933765469e-43","66","1","lowest value 27.466 is an outlier"
