"row","initialIndex","finalIndex","shapiro","ad","trend","snht","snhtK","pettitt","pettittK","buishandU","buishandUK","buishandRange","buishandRangeK","lanzante","lanzanteK","grubbs","grubbsK"
"1","2000","2202","4.76925241817396e-10","7.21660437335396e-22","0.282512040359046","0.450333333333333","95","0.198927229171231","94","0.421","95","0.243333333333333","95","0.0259103840831341","94","0.00687240417432156","lowest value -0.029399999999999 is an outlier"
"2","5800","6002","1.50458454700607e-30","3.7e-24","0.0354405771056351","0.000666666666666667","190","0.0267992121389461","169","0.144666666666667","190","0.722666666666667","190","5.31309567315742e-05","169","0","highest value 9.07 is an outlier"
"3","7300","7502","4.53473897233544e-06","0.00103860202512024","0.567356062707354","0.00266666666666667","2","0.453771190955227","23","0.666666666666667","23","0.716","23","0.0067101063172955","23","3.50196807783476e-05","highest value 0.186 is an outlier"
"4","8300","8502","1.42707986115636e-30","3.7e-24","8.79174147102013e-05","0.995666666666667","109","3.65353652044977e-05","109","0.682","109","0.721333333333333","109","3.41089499379924e-08","109","0","highest value 10.31 is an outlier"
"5","11900","12102","1.49313232112701e-30","3.7e-24","0.0321127016049586","0.933333333333333","137","0.0113949159460124","136","0.522","137","0.729","137","0.000240076902911801","136","0","highest value 9.135 is an outlier"
"6","14300","14502","1.44603927348496e-30","3.7e-24","0.603168125082706","0.723333333333333","156","0.208356706174684","141","0.359333333333333","156","0.727333333333333","156","0.00896889930693648","141","0","highest value 10.18 is an outlier"
"7","15600","15802","1.69013457683742e-30","3.7e-24","0.0630950399740859","0.958666666666667","66","0.013439753952907","62","0.533333333333333","66","0.718333333333333","66","3.27319247586772e-05","62","0","highest value 13.82 is an outlier"
