"row","initialIndex","finalIndex","shapiro","ad","trend","snht","snhtK","pettitt","pettittK","buishandU","buishandUK","buishandRange","buishandRangeK","lanzante","lanzanteK","grubbs","grubbsK"
"1","2000","2202","9.86194729042572e-06","8.12953158149834e-06","4.93596679687291e-88","0","115","2.76904057950967e-33","104","0","106","0","106","8.10794652632146e-35","104","1","lowest value 19.9296 is an outlier"
"2","5300","5502","5.17439060192475e-07","1.39516232272254e-08","3.10214866074572e-92","0","90","2.61091735383538e-33","103","0","96","0","96","8.16881231263119e-35","103","1","highest value 21.321 is an outlier"
"3","9500","9702","2.19606854052635e-10","4.90640377691638e-21","2.5626422463838e-38","0","93","5.92050287687464e-18","79","0","96","0","96","3.17851807008683e-20","79","0.0633664773103131","highest value 31.292 is an outlier"
"4","12000","12202","0.00422595492989517","3.88129467056817e-05","0.145632776116035","0.500333333333333","201","0.442310279739068","132","0.751","132","0.74","132","0.0687399500589613","132","0.190422138022466","lowest value 9.024 is an outlier"
"5","14350","14552","9.95498314517287e-13","3.7e-24","2.42829148242061e-11","0","143","3.28344979711271e-06","66","0","143","0","143","3.60710412205823e-08","66","0.0194816422337218","lowest value 19.382 is an outlier"
"6","16750","16952","1.13387855373092e-11","3.50393517932378e-23","8.49744167732849e-23","0","143","2.23664864932595e-11","74","0","143","0","143","1.60955589821857e-13","74","0.0469696681524789","lowest value 20.701 is an outlier"
"7","18000","18202","8.963958994576e-09","2.13215380655229e-19","0.00214846651257084","0.978666666666667","116","0.239749693404325","40","0.895","116","0.458","116","0.00965161240692107","40","0.0275533040647927","highest value 26.114 is an outlier"
