"row","initialIndex","finalIndex","shapiro","ad","trend","snht","snhtK","pettitt","pettittK","buishandU","buishandUK","buishandRange","buishandRangeK","lanzante","lanzanteK","grubbs","grubbsK"
"1","2000","2202","7.3523908733109e-07","4.39027303858509e-08","2.44837233297397e-91","0","109","2.53525301324778e-33","101","0","108","0","108","7.36971893748877e-35","101","1","lowest value 19.4 is an outlier"
"2","5900","6102","4.78918604620126e-10","3.59773128523895e-15","6.24874337845517e-26","0","136","1.29271007738274e-12","69","0","92","0","92","2.61938055312033e-15","69","0.018872556278099","lowest value 16.536 is an outlier"
"3","9500","9702","2.62328712122512e-06","1.77246471185329e-06","6.91985912966159e-77","0","91","3.93856662014221e-33","99","0","97","0","97","1.23257088045697e-34","99","1","lowest value 21.086 is an outlier"
"4","12000","12202","1.17653001959997e-05","0.000117822151688783","2.64771530585975e-85","0","111","4.69579067014669e-33","95","0","108","0","108","1.09980759724124e-34","95","1","highest value 18.479 is an outlier"
"5","14350","14552","8.43147464895614e-12","3.7e-24","2.19888140037684e-18","0","136","1.97531933090211e-08","66","0","136","0","136","9.08663948089157e-11","66","0.00523637859785375","lowest value 18.872 is an outlier"
"6","16700","16902","2.19741958804369e-13","9.38814685950269e-14","1.86033076476237e-55","0","92","1.15384876133093e-24","90","0","96","0","96","2.03693240080273e-26","90","2.16652497240233e-05","lowest value 20.259 is an outlier"
"7","17950","18152","5.91203442039076e-19","3.7e-24","8.06621499985013e-13","0.018","202","2.05012872854661e-05","70","0.817","147","0.816333333333333","147","4.59547707344556e-07","70","1.2482950451087e-08","highest value 32.909 is an outlier"
