"row","initialIndex","finalIndex","shapiro","ad","trend","snht","snhtK","pettitt","pettittK","buishandU","buishandUK","buishandRange","buishandRangeK","lanzante","lanzanteK","grubbs","grubbsK"
"1","2000","2202","4.76925241817396e-10","7.21660437335396e-22","0.282512040359046","0.465666666666667","95","0.198927229171231","94","0.452333333333333","95","0.248666666666667","95","0.0259103840831341","94","0.00687240417432156","lowest value -0.029399999999999 is an outlier"
"2","5800","6002","2.3850588962547e-30","3.7e-24","0.0222018761126672","0.054","19","0.0837427888798025","117","0.190333333333333","19","0.738","19","0.00996164157300085","117","0","lowest value -39.883 is an outlier"
"3","7300","7502","4.53473897233544e-06","0.00103860202512024","0.567356062707354","0.005","2","0.453771190955227","23","0.67","23","0.726","23","0.0067101063172955","23","3.50196807783476e-05","highest value 0.186 is an outlier"
"4","8100","8302","4.85574250439549e-26","3.7e-24","0.768973582450573","0.958666666666667","133","1","78","0.558666666666667","133","0.8","133","0.561112340914043","78","0","lowest value -21.822 is an outlier"
"5","12600","12802","1.7970086016664e-25","3.7e-24","0.183612515473578","0.998","128","0.420743086642731","71","0.757333333333333","128","0.888333333333333","128","0.0645806271005521","71","0","lowest value -27.33 is an outlier"
"6","13900","14102","1.77083978968572e-29","3.7e-24","0.925317459558092","0.581666666666667","40","1","142","0.333666666666667","40","0.741","40","0.608295086535814","142","0","lowest value -42.574 is an outlier"
"7","16200","16402","4.22956661036652e-29","3.7e-24","0.116991447230122","0.764","156","0.38348357016394","90","0.399","156","0.729333333333333","156","0.0675803146399557","90","0","lowest value -49.286 is an outlier"
