"row","initialIndex","finalIndex","shapiro","ad","trend","snht","snhtK","pettitt","pettittK","buishandU","buishandUK","buishandRange","buishandRangeK","lanzante","lanzanteK","grubbs","grubbsK"
"1","1000","1202","6.83871807862226e-13","3.7e-24","2.43982463033772e-56","0","68","2.53525301324778e-33","101","0","80","0","80","8.18550480654442e-35","101","1","lowest value 18.4596 is an outlier"
"2","5350","5552","2.5587399268537e-27","3.7e-24","1.12483959751083e-54","0","173","1.40231469578322e-18","88","0","132","0.000333333333333333","132","2.81536054075902e-20","88","0.000631939831814865","highest value 72.765 is an outlier"
"3","10250","10452","3.29998664090651e-25","3.7e-24","1.78943389352096e-08","0.024","62","5.05637768159849e-13","145","0.0736666666666667","62","0.0133333333333333","62","3.46115137258564e-17","145","0.0300531597441062","highest value 84.846 is an outlier"
"4","12600","12802","3.79698468344931e-26","3.7e-24","0.119971986342495","0","129","1.21745337503713e-06","150","0","129","0","129","1.09447539699206e-09","150","0.00939564310629881","highest value 91.397 is an outlier"
"5","13900","14102","1.04292124676038e-23","3.7e-24","2.07470172219272e-30","0.0363333333333333","42","7.41644234966305e-11","93","0.0103333333333333","118","0.006","118","3.51317749087901e-12","93","0.549478682228586","highest value 75.705 is an outlier"
"6","16500","16702","7.59740337517658e-13","3.7e-24","8.44561732012573e-16","0","77","1.18728044402223e-30","82","0","78","0","78","2.58237144509268e-33","82","1","lowest value 21.635 is an outlier"
"7","18650","18852","1.04265101838592e-28","3.7e-24","9.75264157553784e-77","0.00866666666666667","126","6.11078700426314e-33","102","0.00433333333333333","126","0.0266666666666667","126","1.84229697156178e-34","102","3.49624662554504e-09","highest value 91.225 is an outlier"
