"row","initialIndex","finalIndex","shapiro","ad","trend","snht","snhtK","pettitt","pettittK","buishandU","buishandUK","buishandRange","buishandRangeK","lanzante","lanzanteK","grubbs","grubbsK"
"1","2000","2202","4.76925241817396e-10","7.21660437335396e-22","0.282512040359046","0.464666666666667","95","0.198927229171231","94","0.427666666666667","95","0.260666666666667","95","0.0259103840831341","94","0.00687240417432156","lowest value -0.029399999999999 is an outlier"
"2","5900","6102","3.10791505810755e-10","3.7e-24","0.165672270083993","0.986666666666667","201","0.776322006148186","116","1","149","1","149","0.164099292413105","116","0.00638675319312609","highest value 2.099 is an outlier"
"3","9500","9702","1.59656108111397e-16","3.7e-24","0.357437548548542","0.997","196","0.829846547959552","17","1","125","1","125","0.0168975374311838","17","0.000483215575098672","highest value 2.529 is an outlier"
"4","12000","12202","2.50380894173591e-06","4.80209148217979e-12","0.890746831211943","0.0386666666666667","11","0.768627177563278","11","0.854","11","0.53","11","0.00200831600657164","11","0.0189707767586471","lowest value -0.0339999999999989 is an outlier"
"5","14350","14552","6.54128031394886e-13","3.7e-24","0.734980697021197","0.831333333333333","200","1","132","1","151","1","151","0.293681213950934","132","0.00484916289148618","lowest value -1.852 is an outlier"
"6","16700","16902","5.95060089835621e-24","3.7e-24","0.293777637663238","0","201","0.551074038621123","139","0.997666666666667","197","0.999666666666667","197","0.0793426936726959","139","0.000121182340319326","lowest value -1.281 is an outlier"
"7","17950","18152","1.14003357825954e-18","3.7e-24","0.88495032155768","0.252333333333333","201","1","188","1","170","0.999666666666667","170","0.116975627027004","188","6.71993024115025e-06","highest value 16.124 is an outlier"
